sync_count,timestamp,best_worker,best_performance,updated_workers,total_runtime
1,1752706296.774222,3,196.91381089066397,"[0, 1, 2]",0.003018617630004883
2,1752706326.7848222,3,196.91381089066397,"[0, 1, 2]",30.01361918449402
3,1752706356.7953875,3,196.91381089066397,"[0, 1, 2]",60.02418541908264
4,1752706386.80675,3,196.91381089066397,"[0, 1, 2]",90.0355474948883
5,1752706416.816889,3,196.91381089066397,"[0, 1, 2]",120.04568576812744
6,1752706446.825361,3,196.91381089066397,"[0, 1, 2]",150.05415797233582
7,1752706476.833564,3,196.91381089066397,"[0, 1, 2]",180.06236124038696
8,1752706506.8434684,3,196.91381089066397,"[0, 1, 2]",210.07226610183716
9,1752706536.852624,3,196.91381089066397,"[0, 1, 2]",240.08142137527466
10,1752706566.8638096,3,196.91381089066397,"[0, 1, 2]",270.09260630607605
11,1752706596.8724864,3,196.91381089066397,"[0, 1, 2]",300.1012833118439
12,1752706626.8817298,3,196.91381089066397,"[0, 1, 2]",330.11052656173706
13,1752706656.8894746,3,196.91381089066397,"[0, 1, 2]",360.1182715892792
14,1752706686.8999548,3,196.91381089066397,"[0, 1, 2]",390.12875151634216
15,1752706716.9083986,3,196.91381089066397,"[0, 1, 2]",420.1371955871582
16,1752706746.9161227,3,196.91381089066397,"[0, 1, 2]",450.14491963386536
17,1752706776.9227843,3,196.91381089066397,"[0, 1, 2]",480.15158104896545
18,1752706806.9295707,3,196.91381089066397,"[0, 1, 2]",510.158367395401
19,1752706836.940001,3,196.91381089066397,"[0, 1, 2]",540.1687977313995
20,1752706866.949134,3,196.91381089066397,"[0, 1, 2]",570.1779308319092
21,1752706896.9602003,3,196.91381089066397,"[0, 1, 2]",600.1889979839325
22,1752706926.9712358,3,196.91381089066397,"[0, 1, 2]",630.200032711029
23,1752706956.980251,3,196.91381089066397,"[0, 1, 2]",660.209047794342
24,1752706986.9907012,3,196.91381089066397,"[0, 1, 2]",690.2194981575012
25,1752707017.0012646,3,196.91381089066397,"[0, 1, 2]",720.2300612926483
26,1752707047.0112813,3,196.91381089066397,"[0, 1, 2]",750.2400779724121
27,1752707077.0215943,3,196.91381089066397,"[0, 1, 2]",780.2503910064697
28,1752707107.028825,3,196.91381089066397,"[0, 1, 2]",810.2576217651367
29,1752707137.0361197,3,196.91381089066397,"[0, 1, 2]",840.2649166584015
30,1752707167.0464554,3,196.91381089066397,"[0, 1, 2]",870.2752523422241
31,1752707197.0542915,3,196.91381089066397,"[0, 1, 2]",900.2830884456635
32,1752707227.0648658,3,196.91381089066397,"[0, 1, 2]",930.2936625480652
33,1752707257.0766351,3,196.91381089066397,"[0, 1, 2]",960.3054320812225
34,1752707287.0871077,3,196.91381089066397,"[0, 1, 2]",990.315904378891
35,1752707317.099126,3,196.91381089066397,"[0, 1, 2]",1020.3279237747192
36,1752707347.1095533,3,196.91381089066397,"[0, 1, 2]",1050.338350534439
37,1752707377.1212199,3,196.91381089066397,"[0, 1, 2]",1080.3500175476074
38,1752707407.130858,3,196.91381089066397,"[0, 1, 2]",1110.3596546649933
39,1752707437.1417575,3,196.91381089066397,"[0, 1, 2]",1140.3705542087555
40,1752707467.1506855,3,196.91381089066397,"[0, 1, 2]",1170.3794825077057
41,1752707497.1611888,3,196.91381089066397,"[0, 1, 2]",1200.389986038208
42,1752707527.1705642,3,196.91381089066397,"[0, 1, 2]",1230.399361371994
43,1752707557.180153,3,196.91381089066397,"[0, 1, 2]",1260.4089500904083
44,1752707587.1909509,3,196.91381089066397,"[0, 1, 2]",1290.4197475910187
45,1752707617.2028816,3,196.91381089066397,"[0, 1, 2]",1320.431678533554
46,1752707647.2103863,3,196.91381089066397,"[0, 1, 2]",1350.4391829967499
47,1752707677.2215931,3,196.91381089066397,"[0, 1, 2]",1380.4503901004791
48,1752707707.2333765,3,196.91381089066397,"[0, 1, 2]",1410.4621739387512
49,1752707737.2417455,3,196.91381089066397,"[0, 1, 2]",1440.4705424308777
50,1752707767.253215,3,196.91381089066397,"[0, 1, 2]",1470.482011795044
51,1752707797.2622075,3,196.91381089066397,"[0, 1, 2]",1500.491004228592
52,1752707827.2735925,3,196.91381089066397,"[0, 1, 2]",1530.5023894309998
53,1752707857.2836092,3,196.91381089066397,"[0, 1, 2]",1560.512405872345
54,1752707887.2929194,3,196.91381089066397,"[0, 1, 2]",1590.521716117859
55,1752707917.3046758,3,196.91381089066397,"[0, 1, 2]",1620.5334732532501
56,1752707947.315365,3,196.91381089066397,"[0, 1, 2]",1650.544162273407
57,1752707977.3288934,3,196.91381089066397,"[0, 1, 2]",1680.5576901435852
58,1752708007.3365703,3,196.91381089066397,"[0, 1, 2]",1710.5653672218323
59,1752708037.3464925,3,196.91381089066397,"[0, 1, 2]",1740.5752897262573
60,1752708067.3585851,3,196.91381089066397,"[0, 1, 2]",1770.5873823165894
61,1752708097.370528,3,196.91381089066397,"[0, 1, 2]",1800.5993268489838
62,1752708127.3872557,3,196.91381089066397,"[0, 1, 2]",1830.6160533428192
63,1752708157.3995576,3,196.91381089066397,"[0, 1, 2]",1860.6283543109894
64,1752708187.4109254,3,196.91381089066397,"[0, 1, 2]",1890.639722108841
65,1752708217.423093,3,196.91381089066397,"[0, 1, 2]",1920.6518898010254
66,1752708247.4357338,3,196.91381089066397,"[0, 1, 2]",1950.664531469345
67,1752708277.449978,3,196.91381089066397,"[0, 1, 2]",1980.6787750720978
68,1752708307.4617543,3,196.91381089066397,"[0, 1, 2]",2010.6905510425568
69,1752708337.471171,3,196.91381089066397,"[0, 1, 2]",2040.6999678611755
70,1752708367.480919,3,196.91381089066397,"[0, 1, 2]",2070.709715604782
71,1752708397.493483,3,196.91381089066397,"[0, 1, 2]",2100.7222797870636
72,1752708427.5048637,3,196.91381089066397,"[0, 1, 2]",2130.7336604595184
73,1752708457.51465,3,196.91381089066397,"[0, 1, 2]",2160.7434470653534
74,1752708487.5242405,3,196.91381089066397,"[0, 1, 2]",2190.753038406372
75,1752708517.535042,3,196.91381089066397,"[0, 1, 2]",2220.763839006424
76,1752708547.5492616,3,196.91381089066397,"[0, 1, 2]",2250.7780585289
77,1752708577.5607157,3,196.91381089066397,"[0, 1, 2]",2280.7895126342773
78,1752708607.5691156,3,196.91381089066397,"[0, 1, 2]",2310.7979123592377
79,1752708637.5819218,3,196.91381089066397,"[0, 1, 2]",2340.8107192516327
80,1752708667.5908904,3,196.91381089066397,"[0, 1, 2]",2370.819687604904
81,1752708697.6036072,3,196.91381089066397,"[0, 1, 2]",2400.8324048519135
82,1752708727.6148126,3,196.91381089066397,"[0, 1, 2]",2430.8436093330383
83,1752708757.6270885,3,196.91381089066397,"[0, 1, 2]",2460.8558864593506
84,1752708787.6387448,3,196.91381089066397,"[0, 1, 2]",2490.86754155159
85,1752708817.649294,3,196.91381089066397,"[0, 1, 2]",2520.878090620041
86,1752708847.6614392,3,196.91381089066397,"[0, 1, 2]",2550.890235900879
87,1752708877.670763,3,196.91381089066397,"[0, 1, 2]",2580.8995594978333
88,1752708907.682977,3,196.91381089066397,"[0, 1, 2]",2610.911774635315
89,1752708937.6956532,3,196.91381089066397,"[0, 1, 2]",2640.9244503974915
90,1752708967.710025,3,196.91381089066397,"[0, 1, 2]",2670.9388217926025
91,1752708997.7215905,3,196.91381089066397,"[0, 1, 2]",2700.950387239456
92,1752709027.7346702,3,196.91381089066397,"[0, 1, 2]",2730.9634671211243
93,1752709057.743538,3,196.91381089066397,"[0, 1, 2]",2760.972335100174
94,1752709087.7550175,3,196.91381089066397,"[0, 1, 2]",2790.983814239502
95,1752709117.767792,3,196.91381089066397,"[0, 1, 2]",2820.9965896606445
96,1752709147.7797296,3,196.91381089066397,"[0, 1, 2]",2851.008526325226
97,1752709177.790979,3,196.91381089066397,"[0, 1, 2]",2881.019775390625
98,1752709207.8039167,3,196.91381089066397,"[0, 1, 2]",2911.032713651657
99,1752709237.8130338,3,196.91381089066397,"[0, 1, 2]",2941.0418310165405
100,1752709267.8262596,3,196.91381089066397,"[0, 1, 2]",2971.0550560951233
101,1752709297.8401444,3,196.91381089066397,"[0, 1, 2]",3001.0689420700073
102,1752709327.8537662,3,196.91381089066397,"[0, 1, 2]",3031.08256316185
103,1752709357.865542,3,196.91381089066397,"[0, 1, 2]",3061.094338655472
104,1752709387.8786561,3,196.91381089066397,"[0, 1, 2]",3091.107454061508
105,1752709417.8901105,3,196.91381089066397,"[0, 1, 2]",3121.1189074516296
106,1752709447.8994696,3,196.91381089066397,"[0, 1, 2]",3151.1282663345337
107,1752709477.9114008,3,196.91381089066397,"[0, 1, 2]",3181.1401975154877
108,1752709507.9204652,3,196.91381089066397,"[0, 1, 2]",3211.149261713028
109,1752709537.9359093,3,196.91381089066397,"[0, 1, 2]",3241.164707183838
110,1752709567.9478023,3,196.91381089066397,"[0, 1, 2]",3271.176599264145
111,1752709597.960683,3,196.91381089066397,"[0, 1, 2]",3301.1894805431366
112,1752709627.9747,3,196.91381089066397,"[0, 1, 2]",3331.2034969329834
113,1752709657.9940698,3,196.91381089066397,"[0, 1, 2]",3361.2228665351868
114,1752709688.0077124,3,196.91381089066397,"[0, 1, 2]",3391.236510038376
115,1752709718.0215886,3,196.91381089066397,"[0, 1, 2]",3421.250386238098
116,1752709748.037792,3,196.91381089066397,"[0, 1, 2]",3451.2665886878967
117,1752709778.0492296,3,196.91381089066397,"[0, 1, 2]",3481.2780261039734
118,1752709808.062162,3,196.91381089066397,"[0, 1, 2]",3511.2909586429596
119,1752709838.0748923,3,196.91381089066397,"[0, 1, 2]",3541.303689956665
120,1752709868.0886407,3,196.91381089066397,"[0, 1, 2]",3571.3174381256104
121,1752709898.105816,3,196.91381089066397,"[0, 1, 2]",3601.3346135616302
122,1752709928.1180773,3,196.91381089066397,"[0, 1, 2]",3631.3468742370605
123,1752709958.132388,3,196.91381089066397,"[0, 1, 2]",3661.361184835434
124,1752709988.1458673,3,196.91381089066397,"[0, 1, 2]",3691.3746650218964
125,1752710018.160372,3,196.91381089066397,"[0, 1, 2]",3721.389169692993
126,1752710048.1735775,3,196.91381089066397,"[0, 1, 2]",3751.4023740291595
127,1752710078.1845398,3,196.91381089066397,"[0, 1, 2]",3781.413336992264
128,1752710108.1985679,3,196.91381089066397,"[0, 1, 2]",3811.427364587784
129,1752710138.2102602,3,196.91381089066397,"[0, 1, 2]",3841.4390573501587
130,1752710168.2223032,3,196.91381089066397,"[0, 1, 2]",3871.451099872589
131,1752710198.2321925,3,196.91381089066397,"[0, 1, 2]",3901.4609892368317
132,1752710228.2445428,3,196.91381089066397,"[0, 1, 2]",3931.4733397960663
133,1752710258.2563102,3,196.91381089066397,"[0, 1, 2]",3961.485106945038
134,1752710288.2677176,3,196.91381089066397,"[0, 1, 2]",3991.496514558792
135,1752710318.2825193,3,196.91381089066397,"[0, 1, 2]",4021.511317253113
136,1752710348.2945108,3,196.91381089066397,"[0, 1, 2]",4051.523307800293
137,1752710378.3087344,3,196.91381089066397,"[0, 1, 2]",4081.5375311374664
138,1752710408.322952,3,196.91381089066397,"[0, 1, 2]",4111.5517501831055
